SEQN,y
492834,0.29610395
309349,1.4572761
468308,1.517562
838812,-0.14375788
947936,2.8099353
794779,-1.0684636
34510,1.4220102
593667,-0.08199864
198552,1.5373542
419973,1.6884928
121699,-1.1316688
955042,0.33000386
52130,2.4444458
915446,-1.1826025
111978,1.4096338
741159,3.341596
111228,3.601596
562295,2.6295886
129597,-1.9302657
800235,1.0439249
631930,1.0958838
942595,-1.8271259
397007,1.0478853
237021,2.484466
798129,-1.913044
374665,2.147801
162007,0.36238405
266206,-0.03071869
994584,-1.8306242
513135,-0.7177335
231842,1.9828838
340263,-0.28956217
672214,-0.40059963
640097,0.56181633
604530,1.2360672
367011,0.71635807
785148,0.87980634
832902,0.41371793
433870,-1.5715489
243579,0.08986726
18566,1.4970272
116240,-0.25963584
290262,2.1691003
553454,0.48081502
830281,3.5978851
451105,0.7221111
496171,-0.015027714
63641,1.5408874
744055,1.9594196
867892,0.2983961
544332,2.944746
167378,1.6842254
978307,-0.7336946
113056,2.045959
525535,1.4156013
894560,2.822249
635846,-0.50773287
570498,-0.96800214
987787,0.24486017
552047,-1.4353321
432880,1.6453726
974996,3.615067
571977,0.7851378
713538,1.4261601
528804,-1.6436226
307282,3.111734
226622,0.15024763
698968,-0.3326108
945069,1.375707
169885,-0.35605255
177116,0.00899941
398015,0.46653873
255219,0.7230132
970438,1.2330097
515262,2.2116547
449983,0.37846395
539269,1.9288118
443005,1.0635986
812110,1.0649176
458408,0.62915874
54981,-0.23123284
367907,-2.0289717
791725,0.8935812
469142,0.7759592
260883,-0.5428481
886744,1.8153074
64917,-1.0779307
177023,0.45345744
973906,2.2063775
816964,-2.6827667
197520,0.77443296
720184,0.39864868
72539,2.2052617
765019,0.53223467
41533,0.20797172
752755,-0.96433544
994926,4.290492
1575,-0.5483667
657405,1.2171205
444618,1.2590214
594654,2.1391807
281423,-0.27714676
994047,0.56166303
584683,1.4354502
514744,2.055863
2300,-1.0800399
307934,1.2168156
609670,1.4673837
6802,3.6363175
925223,-1.0966055
427315,0.26397452
294416,1.81473
266972,2.3375847
447529,1.7867695
238404,-0.27453968
685531,1.3930261
827677,1.0231422
345964,0.80109024
936589,-2.12145
726478,-0.7607742
522261,-1.4176486
391069,-2.7327518
539344,0.22105673
944972,0.051322173
51143,0.80959666
76865,-0.3460335
165859,0.73116666
794492,-0.9304303
79926,0.8142599
419559,0.5537591
69669,0.9676636
440855,0.12720801
474145,2.326183
161603,-0.1825448
459896,1.703907
884647,-0.0061102835
324518,1.9620949
669667,-0.63584256
936340,-1.1296546
115799,-0.12277756
893569,2.6258996
166090,-0.46169233
588128,-0.20534849
768743,0.70292616
860161,2.4328456
357454,-0.34926328
499163,-0.2149651
918587,-0.26181847
922085,-0.6285049
306136,2.2144132
129345,0.19883591
210132,-0.030741999
735718,-1.2717757
715048,0.04980468
927141,-1.1061474
205903,1.7763288
23303,0.45819813
699074,-2.550099
694407,1.4337399
389246,0.3788911
45202,0.8566946
298871,0.6341115
29319,0.42963046
929596,-0.045723204
46724,-0.8431988
951627,2.91746
186788,0.59281504
551851,0.4768731
989975,1.9444325
28173,0.9704879
875594,-0.08065226
717401,1.8834099
598150,-0.6783639
585110,0.31442243
836618,2.8726785
908364,0.045973804
677501,-0.43349916
796447,1.1373504
33233,0.8990486
203556,1.9489863
801095,2.803033
205709,-1.9270395
319890,1.1215075
260479,-1.6478841
904004,0.64832276
723359,3.2736793
864991,0.049899787
647462,0.22107458
598447,-0.10638456
864484,0.4366954
826923,1.2723916
128073,0.14996724
462073,1.6581376
752492,1.1809099
495486,2.5882215
780591,1.8140495
312189,0.17991997
279219,1.7440941
541706,-0.5421783
792835,0.44122958
887777,0.82803977
772433,0.7746959
156861,2.2199812
474441,-1.9005287
118908,-1.3575438
755628,2.4835522
157591,0.21532926
17244,-0.088410154
517732,0.3438506
765410,1.230716
786913,-0.13274859
320809,-2.3380868
92679,-0.31859344
550636,2.0382257
661768,4.1485596
501506,1.1125199
875878,-0.6203818
422466,1.0572687
720717,-0.035048336
499673,0.18683204
123849,0.1362356
600426,2.5616117
717188,1.3405578
318271,1.2704986
857852,0.64119136
559901,0.91608316
130562,-0.45311198
400778,0.998223
868256,2.343504
357901,0.3298425
569392,-0.57040894
619831,-1.1882887
348613,0.26726443
697032,2.4568229
512988,-0.097252265
180771,-0.41640767
469886,-1.2855195
654848,-0.26830542
603413,1.3247564
573662,0.75867826
475351,0.5815717
370448,2.3864923
735427,-1.7764709
994639,1.769037
767923,1.1170076
47363,-1.092652
174817,-1.2679108
540466,1.5424019
706360,-0.7558924
214508,-0.76500523
491282,0.4069372
13680,1.1974342
961950,1.5523386
949951,-1.3342764
544010,0.2547403
979640,1.5195707
820066,1.7455657
795666,0.634026
228415,0.64818496
289643,-2.0544438
728998,0.84813327
601812,-0.6572013
988980,0.43065006
242629,0.75866944
78780,-1.3192511
85569,1.6599041
855369,-0.2894259
288422,1.4498694
538130,1.4498473
425904,-0.41171306
799259,1.3953676
569376,-2.794459
245285,1.166136
841021,2.1813865
369138,0.8612787
204827,-0.60801613
439918,-1.0092577
550192,0.035327613
915681,0.057890344
976710,-0.10049242
741847,-2.3031259
609302,-0.11440971
164714,-0.017549707
107617,1.2503059
651435,1.165228
562571,-0.40331426
971995,1.1982094
458413,-0.81244355
949047,0.15116027
500460,1.6031784
635033,-0.35289288
906201,1.149082
431414,-0.69523907
608640,-2.2233539
283199,1.6662891
498859,2.2151532
520420,2.1289775
776901,2.2512875
600802,-2.3567371
627801,0.22607854
326555,0.09137684
465975,0.5214413
496538,0.45120448
900748,-1.4827311
413363,2.6632645
287415,-0.09966755
292231,2.3486085
317564,0.122624956
393335,-0.46167693
115671,2.314814
680821,0.9942163
434223,1.837671
928781,2.241344
779493,0.6905227
78197,-0.11816162
301586,-0.9873273
828958,2.690033
866497,0.51875126
366517,0.50620186
634422,0.40498418
824965,1.7054138
343350,0.74166447
693793,4.1868496
622739,-0.58688176
646991,2.7624412
23584,-0.16247176
278283,1.5394843
227050,0.22975588
930288,-0.0636992
843180,2.3056207
77872,-0.21963315
166931,1.1096312
105616,0.4735876
761261,1.7471712
289603,0.9581076
85901,0.44971794
135410,0.7730621
196689,-2.2689881
630273,0.5967959
411213,2.206901
113381,3.4480941
176726,1.5821104
824541,0.5939747
803142,-0.13144454
879426,-2.7329528
657053,-0.060867883
205434,2.1385913
86494,0.29364592
719102,0.18341525
147173,-1.1624653
587419,0.26596197
903597,0.48359793
207936,2.511542
556721,-0.22720127
762840,-1.3189892
838456,-0.7286065
572734,0.48901042
365472,1.7177973
524614,2.0458777
486536,4.3393755
189043,-2.5901554
267201,0.3249678
109211,0.16250558
901550,-1.5365537
666483,-1.8640314
649802,0.62663174
228270,2.9883754
246796,0.82974225
839447,2.1452413
548504,1.5499332
195333,-1.1393931
685195,-0.81594217
821650,3.4713027
446920,0.9524189
755630,1.2547511
719237,2.5046048
644196,2.5496583
483888,1.177821
842770,1.9498638
870473,-1.1070191
347689,-0.39859575
857893,-0.33092126
134478,0.9541445
566582,2.9361255
403054,1.5368302
410177,2.5839913
897650,0.48885974
850966,4.1687098
574496,-0.9915797
718324,1.6163998
160163,-0.58180445
500871,-1.5473633
211473,0.7402248
119091,1.5101076
43998,-1.694507
947460,0.93368596
601180,-0.6042834
116931,-0.39279914
433644,1.655044
11218,1.4258381
914786,-0.7815473
373806,-1.1119075
541476,-0.3037726
197100,-0.06466003
920580,-1.7025452
447054,-0.1379
169435,1.2036289
115186,3.6442018
207034,1.3937523
621558,-0.9719073
368032,-0.5046295
23435,1.4850813
377495,1.85003
774310,-1.4291724
285903,1.3005025
725103,-1.882891
705228,1.7960014
527724,-0.31849188
683656,-0.70652175
605914,2.3712485
888651,0.038514443
940931,2.0988986
913235,0.28933796
163467,-0.55592144
819281,-1.0203596
487224,1.0064751
806478,0.45371017
646977,0.29122335
966394,2.166322
467834,-1.7161614
773307,3.5646482
823183,1.4717758
853284,-0.12610665
541161,0.34049857
640861,0.78881234
674846,1.3496894
955340,-1.3913887
46069,1.7313102
265746,1.1095203
790121,0.29593796
789753,-0.5521013
277376,-0.94400966
970530,2.3555152
575581,0.29939288
929512,1.0677382
455284,1.3518516
453166,-1.1513525
119955,-1.6167314
384160,1.5235405
96056,-0.90490025
574963,-0.28187928
632703,1.9978386
520661,-1.2054846
729351,-2.1882904
190964,-0.11123643
139577,-0.83606434
946214,1.8200362
590911,1.3252825
885939,2.3301141
41196,-0.38169748
47533,-1.3766577
414883,1.1246709
463712,-0.4775757
323424,1.0606213
565044,-0.17967047
22822,0.17168006
474539,-2.061289
314830,-1.2593634
472473,2.8516495
800215,-0.11739285
361076,-0.5666762
511252,2.1793969
857872,0.73045444
940977,-1.106487
564677,0.14698331
674231,2.6102061
163640,4.123093
300707,0.7923066
714455,0.10492121
578602,-0.10907658
316970,0.18414675
928676,-1.5696405
203592,0.47967082
436630,0.4774619
909204,-0.67775
44975,-1.400112
320954,0.2191524
899019,0.6586293
526731,1.3566853
399125,2.7152
245630,-2.1638904
994766,0.3612176
727060,1.6002964
641514,1.3135307
522310,1.9035873
373687,-2.2071
461208,0.546501
435234,0.08984552
732404,0.38465244
226579,0.94170886
192064,-0.14057216
504219,0.2549407
958086,2.496121
239072,0.37722704
414026,-2.4808407
745494,1.5209366
4472,2.7061
326607,-0.8812151
558983,0.18164024
526700,-0.92859185
957616,-0.76719725
123464,-1.013648
831361,-0.22588512
515623,-0.28100738
889582,2.6659112
289091,-1.096637
718629,1.493625
147195,2.4229279
671544,1.8611044
110931,1.5172215
499174,0.017875254
686379,-0.24748416
837073,1.0214708
243346,0.8222226
250867,0.7255661
34460,1.9429862
461413,1.5990834
500401,1.1449634
235041,-3.336291
602061,1.6731434
675764,-0.747083
841397,0.3199636
264922,-0.6147567
698333,-1.3424581
214760,0.41923285
730856,1.7127755
934017,0.8313323
144554,0.092617646
365027,2.8391461
286897,2.2425277
244629,0.7580249
623765,-0.18509993
371484,0.14069314
241849,-2.0663068
185024,2.519402
821470,0.55070984
146436,1.9358699
105812,-0.07891406
301629,1.7643602
154999,-2.2952695
661916,0.44642615
563222,-0.35705104
10071,1.4033026
815332,0.5627539
584309,1.9451927
124780,1.4718854
304363,-0.49801332
448358,0.36031276
949778,0.74634296
416927,-2.13621
926077,-1.2097113
517579,1.3145347
844386,-0.15682423
605058,-0.27855602
990378,1.2910231
989839,2.9401016
898915,1.0688816
104042,-0.25773466
625019,-1.1618301
527791,1.8745219
594369,2.6705966
320724,-0.35940424
20047,1.868193
16497,-0.83571464
157331,3.194284
786883,-1.4408559
321427,0.12275348
146351,1.7791172
590972,2.3187022
488012,1.9296951
478698,1.915931
769588,2.3949852
558037,0.7452005
767467,-0.71623933
217220,0.42183805
521352,-0.37787402
670153,2.2095635
625108,-0.226728
876689,0.4702819
320473,-1.3980421
643611,1.4343979
89807,-0.640422
603858,0.18995635
362545,0.33299536
563528,-0.8549938
414307,1.4902816
543736,-0.82761514
869808,-1.4609983
880402,1.3970277
463456,-0.008092046
69757,-0.31327218
256891,2.1690469
114809,3.511589
141538,0.8800656
980769,0.40179896
837641,-0.28395018
954367,0.9798373
439640,2.1549497
832404,2.0763202
700848,-0.6162138
638351,0.3210136
593498,1.7273471
862786,0.23200183
792750,-0.5202115
204494,2.602179
464142,-0.13264236
578630,-1.4841918
374958,1.8601481
494069,1.7637287
523001,0.45408934
645837,1.018833
428074,0.008140045
818514,2.008761
372462,0.5863196
214218,0.60927033
40645,0.3420709
902910,3.3483326
695436,-0.92961645
93408,0.28444564
729364,-0.26216954
800368,0.018518506
338672,1.9629682
280258,1.5343639
971457,0.34162202
438101,3.3313477
189412,-0.1936594
919185,-0.9310978
918032,-0.97581035
437887,0.9008328
208959,2.2304645
112103,0.7855965
218845,2.0698097
363721,0.5001982
650601,0.6341155
442160,-0.19307093
423696,-1.675811
672882,0.004553959
789634,-0.74419355
636963,0.0058587105
148346,-0.9324778
267013,-0.7118613
130299,-1.1428661
459608,-0.5932659
531607,0.37948728
54252,-0.9217286
604621,0.6652748
869840,1.9147755
816220,2.119418
311261,1.059022
763572,2.6274142
54956,2.1095476
756034,1.457905
164185,-0.9505642
310376,-0.57635635
635114,0.50425553
827053,1.27897
134717,0.5911438
473615,1.5126886
783069,-0.6030769
932324,3.2219844
680424,0.93284667
393886,-0.13156667
781686,0.4984471
491650,-1.8080482
225204,1.87395
564718,-2.313191
427287,-0.5056726
539871,1.2771609
538179,1.2545168
405810,0.07547349
669326,-0.2111912
753789,-1.2586255
433178,0.99003756
855542,0.16312428
347231,-1.8196309
183644,-1.4912277
838192,1.6311572
280789,0.47700223
786390,0.9994423
549281,-1.2732329
588547,0.7930081
40218,-1.9754257
148533,1.5011532
372952,0.7320291
439683,-1.2656739
455084,1.7470944
172164,-0.10116909
412857,-0.09129214
479494,-1.7528244
35301,2.762061
385428,1.8589766
615513,1.2770783
654520,1.5265236
97281,0.12403049
408605,0.5779996
981108,-0.30033472
339242,0.92662287
387405,2.4083116
577314,-0.99872816
542935,0.20686297
565435,-1.8470364
643634,3.8263144
145499,0.03145332
816160,-0.6030386
734776,0.92594326
489913,0.30296972
830392,1.3921363
872932,-0.8715774
887918,0.98304594
625421,2.7981048
662418,0.45613223
443174,0.13504827
425580,0.28331003
950743,-0.9652419
747848,-1.1498368
521454,0.16102645
322482,0.42869243
441117,0.8942345
373184,0.03862532
494834,0.9517067
688390,0.31143656
434181,1.2597281
382703,1.2720329
239250,-0.77170277
801920,-0.7646913
21386,-1.4683735
624166,0.5930954
654815,0.88548535
9473,0.018381316
37672,-0.5520662
152043,0.42458344
668780,1.6943964
487970,1.0200672
788453,2.58127
937117,1.6980217
551548,2.1174777
333657,1.2886769
962967,3.9480088
586837,-1.3076131
391161,3.4260325
964728,-2.1780276
423151,0.36383587
832360,0.8956784
988571,-0.4020773
145772,1.5117505
537713,1.3370616
657916,1.2463204
960395,-0.46896467
729195,-0.16018799
707958,1.3217337
874501,-2.063177
806254,3.5617409
839017,0.7620739
957408,-0.47322947
889383,3.2931035
800377,3.3246436
889787,-0.59763706
884898,0.6837143
33159,2.184824
244059,0.6866156
914620,0.26653224
605129,1.397778
955430,-1.2937082
152056,1.6096907
674680,-0.83536655
776784,-1.2456032
97161,2.1621177
870053,1.3899271
96603,-0.1562948
658799,0.44470826
849308,2.5345218
102748,-0.65033484
391739,-1.2381023
921310,-1.3281323
411422,0.862521
595513,-0.21728162
415117,1.1405694
301428,1.0328481
9001,-1.2510414
376195,-1.2087507
421717,1.6944437
83451,1.5315101
598414,-0.12716351
52657,-0.53000116
140092,1.9224312
825642,1.470506
416110,1.1991982
98228,1.0787103
698752,-1.3148179
118490,-1.7017348
630666,1.0065807
663810,-0.36634502
27870,-0.66925466
550599,3.1032357
135129,2.8152606
165260,2.7129629
729726,2.8488941
564062,1.5228292
933158,1.653724
669116,-0.7032594
993500,-1.8189583
860831,-0.41012722
491849,-2.2747014
20148,0.45346126
479131,1.1949457
132620,3.048674
94118,2.243895
78727,0.12561664
356284,-0.7005501
916366,-0.13127239
30948,-1.5923659
661071,2.1307797
208723,0.3434743
77904,2.7404342
532580,0.7434149
197370,0.8723016
819524,3.7869766
407269,2.7218282
150705,-0.4293756
627157,2.3234277
752480,-1.995381
441270,0.32982486
109793,-1.3631995
383633,3.0364628
563563,-0.3496358
491210,0.8031433
504242,1.2977669
29019,-1.7489891
187797,2.243765
220038,-2.1056104
392493,1.6986802
303886,1.207634
147302,0.62443125
569192,1.8919573
533834,-1.3671439
686493,1.5640266
520212,2.8542871
650138,-0.045567967
205572,0.99672186
813419,-1.3306026
778552,-2.8873727
238998,1.5995289
262450,0.82623756
594626,0.66029537
116500,1.7752931
596057,4.2722006
869659,1.497092
668933,2.6647112
192611,0.34486738
343082,1.2064407
899333,-0.02726677
794412,1.9664749
291049,0.50976175
224855,1.5123383
54659,0.74574244
202187,-0.3169444
429875,-0.50251514
370366,3.0617986
428437,2.323473
973020,1.3278652
464694,2.9801087
430600,2.1778877
547718,0.6998081
820464,3.3872597
339063,0.37940258
926677,1.8384178
15045,0.5248622
975758,2.4161258
549968,0.402711
134301,2.2984264
130045,1.8523047
627645,2.9013064
263606,2.0514
497334,2.921722
951694,2.4770603
954808,-1.0030571
345996,1.3992335
51725,2.2333302
294439,-2.223204
367915,0.7958112
134794,-0.21146011
353110,0.059301883
808076,1.0317777
203442,0.43135422
471072,-1.9288795
421821,0.9748063
943263,0.24632359
230590,1.1642237
778817,1.7173258
686709,-0.10915264
495874,1.0842986
87151,0.38635722
165317,-0.8854617
696024,-0.37931857
873792,-0.07454008
606403,-0.6232344
428149,-0.58049554
875222,-1.450969
622480,-0.58404005
875864,-0.007299757
23465,0.84375983
948620,0.70517194
490095,0.26250112
179779,-2.3970296
926171,2.5577009
527258,1.6473898
52656,0.7737075
602452,1.3511202
59804,-0.6982447
5553,0.5207381
854228,0.36346668
16209,2.227691
406393,-1.1119015
993630,-0.2139388
989974,-0.3174494
607925,0.4263935
717007,-0.84501076
207967,2.2717705
501723,0.51126355
142562,-1.244191
419581,3.5008957
132237,-0.6963943
185903,1.2959443
761163,1.1467018
998017,-1.2486966
804469,-0.6527537
530829,1.8189924
900806,-0.68898433
631990,-2.9331493
162045,-0.23226647
496534,2.0918438
952291,0.69233835
523582,2.5155811
381299,1.0742042
920595,0.9277484
425333,2.3446212
444087,0.07069264
814169,1.6785958
504328,2.1221519
728637,-0.4300395
136319,1.3411152
430035,2.4344776
767482,1.4691434
795729,1.1129082
584218,2.4664645
457064,1.6683356
51979,1.127933
351264,0.970706
310154,0.1372979
563646,0.509313
243779,-2.3678577
494729,2.835401
513324,1.4293257
466202,2.2932673
595597,1.340171
840264,1.5664982
431111,-1.0553634
120601,-1.4650773
870891,1.6830204
713425,0.92610073
604014,0.25142783
693920,-0.67862827
304830,1.1199186
326335,1.3709893
561238,0.15052585
972400,2.0571678
766056,0.78563535
319225,0.685086
835595,-0.6587061
222640,1.7951357
259819,0.6081254
982452,2.6982872
386930,-0.3795329
403368,0.6187566
321740,-0.89480054
528362,-0.97800636
538302,0.09053657
137046,2.8655105
21679,1.5456316
636210,1.4559186
619928,3.5607066
727645,-0.7210228
728365,-1.7076976
844754,-0.05885365
863238,1.5231974
205624,1.2660362
509178,1.6712904
239041,-2.0289454
967317,0.5025784
990667,-0.40366736
723251,-0.562932
493089,1.6905134
132787,1.3902409
71385,1.5260732
850255,0.57023364
614511,-1.4689848
945327,2.5333378
377018,1.6587038
696278,0.7110812
350584,1.7266376
609422,-1.1979603
631916,-0.6053527
429761,0.8125149
638932,1.3870138
119363,0.94674885
656697,-0.3126248
177191,0.83428586
350551,1.1371634
10672,1.1637832
478010,-0.5529844
878084,0.9211094
759610,1.1608121
43782,1.0397772
805567,3.1577377
957017,-0.6680521
733458,2.7435832
967108,0.93021214
774105,-1.5148933
346587,-1.7727175
315089,0.8545168
629599,-1.2870634
66507,1.4899666
768952,0.8294978
804674,1.6996133
996557,1.7393233
977048,-0.9631912
152119,0.060551785
874895,-0.9004156
308598,2.375272
934551,-2.5692039
153314,0.657617
208421,-0.36055675
225029,2.0847611
511683,-1.2666019
76076,1.7063866
558604,1.3091716
917631,0.05078862
501792,0.98418874
381370,2.1640086
22331,-0.7065549
481116,0.79917717
541483,3.1502674
996198,-3.0591729
798261,1.380233
196389,0.33313245
41735,0.95386904
997224,-0.56031734
218925,0.68435997
489657,1.3073232
134645,1.3961976
534452,3.7429452
441787,0.8371288
278299,0.3779779
471190,0.7003605
305058,-0.1327976
613543,-0.24948868
190493,3.1127095
511371,0.7923025
787946,1.9032915
139674,1.9980053
350641,3.3846886
224851,-1.0413568
994590,1.199552
475023,0.2892143
302835,1.6353118
44469,0.71733767
990064,2.6177552
230794,-0.5513412
197354,-0.7097468
254242,2.452764
883488,0.73113614
720602,0.8545502
869940,-1.5007453
134873,-0.78228545
716694,1.3195041
947882,0.23859608
776254,-0.062119257
510030,0.036243163
565245,0.9537161
783265,-0.72767437
314610,1.9869562
525821,1.2370918
750126,0.7027267
915267,-0.46048957
245754,1.8441775
691699,0.5799662
514320,-0.62905157
263856,0.68700135
310495,1.6798824
393613,-0.4543903
967578,1.7254308
657345,-0.33071384
691261,-0.5636499
899855,-0.12794252
897849,2.0368307
381731,-1.6819065
882426,0.6364214
166835,2.3553786
418991,1.8135557
931144,0.9177435
400248,-0.5631744
976507,-1.2902769
549973,-0.20797777
751281,1.1842326
328144,1.9314638
820129,2.6409545
499839,1.5119846
646546,2.1827016
159134,-1.1984237
792916,0.100570165
714856,-0.35049087
352879,-0.689391
116973,1.7759374
871217,-0.26964608
137467,2.9828873
227376,1.0729628
606390,-0.82622033
724388,0.8260667
335396,0.6200737
72872,-0.009677751
554789,1.8998826
704160,-0.2403307
564420,2.0579998
190067,1.4406579
562947,2.706817
355063,-0.004068258
600154,-0.6230592
105307,2.0286157
470856,1.1098818
376836,0.54000604
200796,-1.9002682
498620,2.233115
900399,-0.009012446
778443,-0.9694106
672353,0.9870062
484114,1.8188368
811417,1.7831589
167041,-0.3758346
294170,-0.96653146
112215,-2.5594506
865219,1.608297
455674,-2.2191246
593040,0.7061311
942848,-0.10123559
40442,1.1373721
631244,0.6718327
305744,-0.04220447
40724,1.1448537
895394,0.32415563
462089,1.8829963
978869,0.8078839
930681,-1.0065646
96105,0.60031044
895222,2.3984373
367689,2.4209676
325076,-1.5910631
285852,-0.26400402
201059,0.9074753
449063,-0.5780307
773148,4.52681
9610,-0.11960634
701891,1.5246404
774916,1.3130616
811808,3.0705075
99751,1.9730982
858599,1.2799282
860300,0.38375995
418591,2.717942
607115,3.2709248
551577,0.24433053
720898,2.3594434
592861,-1.3395369
914308,2.6209006
735120,-0.32092962
783027,-1.0005945
271068,-0.3546824
575362,-0.3990976
779273,1.8524506
348326,0.790801
649183,2.4722717
55483,-0.20531145
580515,2.3460357
938670,1.6353782
200316,0.71344376
403165,0.49152428
837689,2.14702
860121,-0.49904442
96808,1.1328223
466290,-0.3186563
251761,0.55572426
364122,1.3391842
473909,2.2466295
376991,-2.038661
677672,-0.87230957
815121,1.3254898
606724,0.42668048
60104,0.19539443
715950,2.8655994
251034,-2.3370266
535127,3.4597924
799227,0.11549479
586210,-0.06401272
629357,1.4381409
313236,-0.5387183
176546,2.4305978
310424,1.8596935
886291,0.59684956
286560,0.8056982
148236,1.73213
974012,-0.514045
586375,1.4488307
805431,-0.14355926
163847,-1.1578965
552697,2.55826
738906,-2.0506215
623048,-0.42769915
60761,-1.7392128
499846,3.1420093
703763,-1.9562315
790298,-0.78565055
185624,-2.4035199
84278,-0.7212418
99850,-1.5844643
7536,-0.37410912
8317,2.2037468
83354,0.33981314
284170,1.5116353
914066,-1.1375297
561893,0.9469875
813369,0.50945103
111162,1.5511882
466836,1.287102
93620,2.1208212
296485,-3.2249475
336791,0.78161365
43690,-0.06270637
790338,0.90153617
679295,0.31907853
32563,1.1677624
181977,0.49070325
710978,-0.7159625
833136,2.728178
911205,0.18722567
895619,2.5767055
451123,1.1645238
46678,0.712906
664133,0.045021415
180601,0.8074778
394382,-0.63919675
975314,0.7197422
161996,-1.0199578
35215,-1.1491873
388400,1.6197903
520987,-0.893655
160727,0.399359
522156,1.3274453
107814,-1.233759
364452,3.4298363
720488,-1.6462694
137986,3.1549475
362309,1.8301722
132969,1.9212592
342306,-1.6138111
74464,-0.26263493
617792,1.2841116
660223,0.35341364
725531,2.4012928
182366,-0.5736187
341572,0.16950767
557565,1.4148023
236244,0.54813683
479694,0.60096884
203553,0.5366897
799837,0.11417484
856949,0.041779075
710708,1.1876731
925312,2.3396895
328039,2.0202649
207531,-0.31960264
794241,-1.4898276
818693,-0.6092529
435160,1.1376417
323829,-0.3777291
628870,2.1319141
593585,1.8536459
631096,-0.7553779
860344,0.09077187
562754,-0.031825677
953494,0.43378514
79824,0.70525825
233394,0.8114605
902183,-1.7046772
119575,-0.21267304
645628,-1.2632369
541370,-0.5788099
66642,-1.9354683
576359,2.3553681
228405,0.6762026
894204,-1.4848081
603107,1.5130606
951075,0.84478444
679793,2.594012
910247,2.9179866
942329,-0.5529673
11383,3.5577788
940636,-1.3861816
598208,0.72926706
440176,0.51306146
93976,-0.05214263
387251,0.7116356
112082,-2.3811078
859647,2.5231032
531203,1.0209935
77436,3.1342533
403820,1.3871579
530881,1.2043542
41993,3.2439065
704003,-1.7832483
768990,3.4140236
440649,1.3282199
806889,2.3916278
458145,-1.5286833
819002,-0.8614607
610131,1.6498702
291657,0.78852636
946732,1.8359051
465989,1.8015772
823768,0.73725355
247595,1.1916239
466143,1.8940146
507913,1.6976626
306348,1.2439848
779467,-0.3185224
141646,3.6468053
253113,-0.6986329
982780,0.9335433
801781,1.4290721
801754,-0.15780768
667862,0.89502794
600317,-0.61035436
342132,-0.79782116
299788,-0.04453815
532634,-0.39293674
864757,2.832361
787698,-0.22884138
655585,0.17586708
859554,2.3864725
757850,0.49776167
212366,0.45406905
889895,2.3681073
886489,1.1963592
124384,-0.07557534
323603,2.8343012
587876,1.3354036
729117,1.1395695
341857,0.6018065
317265,0.1080848
939898,-0.0010450318
540500,-0.41556567
381808,0.68620396
160842,1.489157
385139,0.32892373
20009,1.6974064
400721,0.13720313
573876,0.23569588
534418,0.7586298
247024,-0.4794469
203270,-2.285389
347502,2.3345006
382893,2.099568
377992,-0.55386704
950753,0.3635439
494368,-0.1132856
388200,0.46780378
460219,3.2118478
504171,1.1121961
90964,0.40066767
68892,-2.6028829
657394,1.6137222
591469,0.7698965
281494,1.3774903
216464,0.13693349
272455,1.0524275
600918,-1.4864004
400263,-1.3413845
718066,-1.5391986
494939,2.005217
393025,-0.41633105
189781,0.6681184
9446,0.33864683
534083,1.188996
666563,-0.01952592
259462,-0.4634913
668054,-0.0586734
115435,-0.30971807
544731,-0.43101996
55041,1.3912377
281951,-1.1943251
185141,1.3133714
776002,1.0735515
109581,0.15624851
844842,0.034945823
357130,1.1651132
78607,-1.4419891
977638,-0.894289
588263,1.3820442
138788,-0.49999458
254469,1.3213923
915867,1.2874458
613232,2.2394319
684992,-1.2852361
520622,-1.088876
527957,1.0923417
235848,0.85929966
423523,1.0151287
577121,1.7309582
24251,-0.26403022
352603,-0.15803215
421599,0.026575914
367286,-2.11104
499309,1.8090786
147934,1.6439478
991399,-1.4434166
859436,0.7442447
614481,-0.87863815
687844,1.3595121
764038,1.6308254
843651,2.3492305
531602,3.6562119
957212,-1.1007283
528955,-0.27004552
631416,0.27451664
351536,1.5413363
249731,1.3121626
325596,1.0559385
814232,1.4645897
399152,0.1536701
206643,-1.094731
296027,-0.59264404
100881,-0.33760822
736194,0.71403897
97387,-1.7005348
953210,1.363766
805550,-0.9353055
421903,3.4975305
666904,0.02898475
51978,0.79821396
575628,-0.121253505
89379,-0.89137715
794256,1.9263556
485716,-1.4804316
348748,-1.0888417
506782,2.1230416
49022,1.473137
889816,-1.1430918
350917,2.1993515
113391,-0.54975075
27294,-1.8264349
713455,0.5564934
528764,0.21806535
473055,0.20783767
866534,-0.46283978
201632,0.7743058
355918,1.3220996
291822,2.2251484
344055,-1.5741881
895525,-0.25331217
194574,0.01968554
305513,1.5862992
368804,-0.24864456
259948,2.8850799
687683,0.96928996
827016,-1.3309922
895273,2.0258193
67101,2.096706
844595,3.9404843
836242,-0.54896504
834257,0.5260695
854368,1.9870634
760016,1.6218163
596462,0.47291762
633532,0.7639008
667787,1.092209
940492,-0.9936026
595309,-1.977577
480284,-0.0686787
69795,1.3917834
799744,1.8278668
679078,0.94257784
89634,-0.66067475
242610,0.905774
506243,1.3198625
629303,-3.0293167
944602,1.5723598
189688,-1.1717494
779820,0.41033587
154465,-0.14717974
968031,1.2408955
414715,0.8328794
570576,1.0244524
618793,-0.6223717
362762,0.8855899
83879,-0.30322537
662746,-1.0605915
895571,-0.6434674
998963,0.12353835
665880,0.08610988
79174,-1.2067183
232405,1.0415184
749880,1.578316
335292,0.5334206
72481,1.9938173
183128,2.6356769
616115,3.3381896
197887,0.16296317
471727,0.90752345
758525,0.1172833
513770,-1.7292118
53859,1.2577786
570256,-1.4530839
922503,1.2015773
114849,0.4610641
976241,0.70297647
294164,-0.72794694
1673,0.5449688
608042,3.0069032
953535,3.0489924
534896,1.2982911
457836,-0.30032656
747839,0.41972122
598428,2.7675252
471004,0.46598515
264115,1.4045147
41059,3.8917034
169476,3.689104
44348,3.045855
877003,4.5449405
68582,0.4048068
789867,0.66566324
140519,-0.65944946
791063,-1.3292944
655062,-0.40267363
830944,2.4493961
520123,1.7120829
861819,0.50821316
481735,1.4985459
601545,0.97292155
890837,-1.274361
256221,-1.9332812
964431,1.8540777
94453,-2.7780092
922866,-0.777555
745427,1.0561997
111058,3.0662494
149161,1.6477401
226861,1.0024433
114221,-1.4290671
234041,0.6031267
676184,2.309238
398310,-1.4691336
255590,1.2069128
634833,0.45573553
63643,1.6483074
171513,3.3986473
336725,1.4076256
517460,2.7042212
945644,2.6253078
32558,0.22152957
530284,-0.054509424
567509,-2.1783144
476683,0.22232874
535734,0.8122941
687964,1.5094675
368497,-0.36748624
318596,1.0766796
369103,-1.1089845
156454,-0.4304543
571830,0.94239444
505472,-0.68548936
172043,1.0018322
21476,2.3532186
928856,1.0221428
80678,1.3176699
769968,-0.93784344
960671,2.509562
571868,2.8046737
47324,-1.4729836
411252,0.5094205
565031,-0.37868533
154575,3.5337281
613090,-1.3692839
321540,2.142097
376317,0.32671848
812291,-0.56513417
880152,-3.1038575
45820,0.84237087
547048,0.62888426
80957,-0.9958211
817752,1.8575566
565392,1.4335493
206238,1.8923861
445017,-0.89363205
427205,-0.06361306
675439,-0.833842
337016,0.67794913
503743,0.04201544
384707,1.3684778
736060,1.7175853
776877,-0.23279694
832693,-0.94455624
337380,1.5975283
588610,0.18136244
908039,1.276685
735473,-0.83490694
968557,-0.67115307
357037,1.2080021
452327,-1.0856248
936967,0.43142384
55345,2.8437433
381051,2.738247
622828,0.8689782
966202,-2.3515372
957041,-0.12810299
398039,3.3526657
673885,0.37325376
278857,1.7996724
698073,0.52788746
112240,0.26809102
285875,-1.3938185
141925,0.3228076
261439,1.8277099
238678,-0.8792874
662852,-0.002706401
267636,2.0033588
397872,1.9265026
481003,2.5828292
295331,2.1730018
973146,-1.0054314
956862,2.6367016
4361,0.69057935
186178,0.2466406
950323,-1.0567133
540126,0.62496316
950019,2.2258196
101413,-1.0938178
486800,1.0318701
666229,-1.1591506
151672,0.5016452
286232,2.8581672
864498,-0.40154696
391943,-0.09161487
722144,0.16798007
405670,0.20986786
661725,1.7447946
949414,1.4992524
536847,-0.026266703
904593,-0.33852333
502573,1.3608938
243458,-0.9490591
355068,-1.0584497
342420,-0.5068102
726382,0.68834764
87332,2.761583
87127,1.2165649
871626,1.655721
366683,-2.0180385
371369,0.95002776
332976,0.11017434
646646,-0.7550392
869293,1.1421057
394915,0.056661915
303208,-1.2748096
479123,-0.2644096
598462,1.7562164
197153,0.21952057
161497,0.8373728
987862,0.6161829
38834,1.0831989
8233,-0.36095685
204137,-0.112416066
366380,0.1794881
613643,1.1630533
868871,2.9216557
748410,2.234967
616484,1.5832136
52281,2.6652524
845945,1.3510056
80645,-0.44910923
999867,1.9551303
292331,-1.0967007
354152,-0.349729
601123,2.3036702
124610,-1.1696628
201121,0.75964516
761021,1.9267423
23462,1.2086337
625227,-0.40291828
736213,-1.0328076
452541,1.1180482
806415,-0.031197852
726777,3.099915
627550,-0.6612085
113112,0.54873437
232755,2.3711076
34257,2.3139567
80730,-0.51174074
742701,0.7359036
13427,2.2379873
748813,0.053891778
573331,-1.762159
674283,-1.886203
457357,2.2903824
304127,2.4543695
975312,0.64578784
251825,-1.6563632
854290,2.357703
739517,0.7207843
137814,0.71882313
525367,0.8281827
222074,-0.4017722
548137,3.3355832
216229,0.61004674
213124,-0.7557494
309582,1.4939272
859348,-1.5756203
592434,2.7178044
564208,-0.7520381
632506,-0.48169333
848979,-0.06577903
190277,2.2254767
802150,1.9135115
793607,-1.0568738
348559,2.1564412
963977,2.354439
112924,0.70214283
373305,-0.7636684
901855,3.9628015
72975,0.19667813
542253,0.26182288
466416,-1.4080064
434878,1.455163
647052,2.9326782
276044,0.58912194
236393,-0.23612638
636257,-0.0060902596
797483,2.5329897
394610,3.492993
198589,2.1365547
329623,-0.09310697
927211,1.4192274
190948,2.1960263
896515,0.6400384
351798,0.018958809
24990,0.03976478
741528,-1.1800411
228055,0.2263166
427871,1.5867753
97618,-0.34206444
211054,-2.1283894
401441,1.3493235
859216,-0.6536833
236884,1.9896055
86305,3.2923007
556678,-0.49923915
323106,-0.35363883
169978,2.0637913
730088,2.0408688
914192,0.8219601
903128,-1.0176029
929646,-0.56681645
281037,-0.1417251
161104,-3.060227
383743,-0.15327312
529160,0.6728349
194336,-0.4169623
13232,3.1723022
351175,-0.7555165
733772,2.5766616
97403,0.6447439
407358,-0.27134553
762575,-1.2439787
713111,-0.10277295
752025,2.7791939
228318,0.7578646
958248,-0.19739673
246345,1.3774716
888346,-0.7461693
506761,1.1556602
671089,3.4596953
358939,0.72244865
640358,2.0090716
757647,1.2286412
828870,1.5190369
997829,-0.1905385
506124,-0.12092768
614443,-1.5932993
648695,1.3607768
80194,-0.60562956
15740,1.2336689
450106,0.8832215
696722,1.424619
165621,-1.9398069
446808,0.6546853
496615,3.1291351
867563,0.13472104
265977,3.566674
849530,1.9579723
13015,2.0484586
262532,1.044101
328921,1.1710343
586140,2.143115
691645,0.36770248
775848,1.5718113
459554,-1.4415764
413680,3.116014
270774,-0.4759654
567986,2.3226984
668692,0.75999105
251236,2.0154436
207296,1.1880914
33396,0.27863657
371455,-0.020376647
665377,0.5144151
801790,0.23510404
122348,1.4253547
613427,-0.6556301
787284,-0.0151619315
838625,-1.8902423
860705,-1.127775
184426,0.66382897
373535,1.4873428
698118,-1.1118248
589952,-0.5585052
856125,-1.8002316
551576,-0.18628228
186202,3.46334
505450,1.702433
228024,3.0997372
963807,-1.2487153
566502,-0.23241857
884598,-0.8107368
215179,1.9467831
204572,-1.5324357
265538,1.3413141
499872,2.629979
538899,1.940922
384174,0.13177648
362533,2.3813546
424027,-1.0196009
484181,-2.632173
27872,-0.89247143
727870,1.3729258
588140,2.6654694
895499,-0.6728484
558233,2.6167083
253466,-0.7741262
156902,-1.685323
764290,-3.1805785
250303,0.6721908
600616,1.1872939
446040,1.9426556
118198,2.3404312
580382,0.22470546
712919,-0.75350946
808667,0.3703539
704531,0.85943925
521671,-2.8148475
191110,1.1314694
224846,-0.7831464
927520,2.1397197
532562,2.477024
190372,-1.7897133
719582,2.4394836
445175,1.5136138
503719,-0.16360489
256773,0.828005
818326,-0.81241816
177749,1.4524548
314711,-0.98956287
440037,-0.2684124
738129,-0.24246211
262191,2.3641949
373386,-1.9360588
735762,2.0762234
613778,0.6605141
583108,2.5982316
786122,-0.8940546
683435,1.39727
265557,1.222717
376966,-0.56468135
143737,-0.106978655
895749,-1.4434247
141951,0.9301941
939154,1.9615605
21222,2.4575276
773368,2.5831182
290163,1.4894384
284252,-1.3538115
500317,0.19948219
446823,2.9647079
685557,0.8533734
978930,0.021843296
974157,2.0641751
177305,1.4149302
95069,0.30277744
251117,-0.47984272
86581,2.2898204
869260,1.2533685
209853,2.1844509
258594,-0.38787335
291653,0.10734047
391639,1.8689247
468221,-1.1994573
243139,-0.46265268
466719,0.76188457
536562,0.2243195
438449,1.7240969
181073,2.524966
289366,-0.07284783
486425,-1.0061784
140284,1.8598826
166081,0.04266446
599670,-1.6201395
693928,-0.76509863
603584,0.7606297
129524,3.307613
508298,1.961783
893612,0.24651785
245195,1.7856257
85179,-0.06330738
842991,-0.67975426
515131,1.5824955
680752,-0.3510985
200992,2.1393914
589911,-0.31227645
112919,3.245467
695688,-0.1374678
394534,-1.6302
588592,1.0976675
582673,-1.5376046
920837,0.27674407
537662,0.3609641
460612,-1.023788
322359,1.7806828
366830,2.9938989
834164,-0.9026942
359094,0.13394734
425032,2.7615778
269731,0.11623739
196952,1.483388
642142,2.4880219
435802,1.0002841
658127,-0.6276329
298271,1.522739
297998,1.9975908
323082,-0.7453984
192733,-1.0629014
960214,1.44833
985651,0.8842088
211045,2.4668226
211155,-0.07052408
500530,1.7010267
667157,-0.7347592
680211,0.1745224
409596,2.4603474
597736,1.9808748
95508,0.07847462
265153,2.5817878
407579,0.68660605
428585,3.056652
97429,0.13757019
689931,-0.093397066
209181,0.03985098
893079,1.6884882
548716,-1.2512057
890673,1.0918933
469639,-1.9110668
28762,2.7723887
711289,0.8686286
505225,-1.0139939
509923,-0.81278306
924430,2.0957837
371244,-1.310127
448048,1.9794191
472661,1.3041673
216201,-0.61709476
382308,-1.4779336
423202,-0.580604
967111,0.5711421
751684,-0.6185446
445602,-0.23921926
906113,-1.4519746
254154,2.1339633
691496,0.5384505
978985,1.2938083
439731,-1.1586858
242163,0.3323252
185111,2.8614442
540043,2.0876057
442182,-0.32965145
963871,1.1364375
810883,1.0497508
790417,-0.90906847
929887,1.2800744
476610,3.681427
584312,-1.1625971
804431,-1.2394427
839020,0.513042
450628,0.39877045
915496,0.89821416
796724,-0.26643196
350453,0.3814855
109356,0.20616464
535529,-0.9143963
823278,-1.9646342
220255,0.40893698
76556,-0.114352845
44529,1.6433913
698867,0.08106588
542162,2.107971
92057,-2.100412
380739,0.09742983
395197,-1.0143445
209784,-1.1028531
576308,0.75535774
652736,1.8211972
192856,1.8643906
665941,-1.2687294
185513,2.1108534
777349,-0.86430013
232614,0.65325797
865066,-1.1757615
45503,0.79111534
817460,1.2404234
77958,-0.26238674
707197,0.5023196
837338,-0.5479617
546795,1.693237
694118,0.32109964
515934,0.47255832
562712,-0.62939066
84284,4.075021
80043,-0.014356479
281073,2.1137168
180859,0.97970164
330821,0.31907815
193290,1.280988
606125,-1.3490312
809156,-2.462844
99959,0.95175475
510503,1.1877097
185703,1.9420961
411249,-0.8345941
934176,1.347749
136814,0.6041496
917657,-0.4284677
270466,-0.62035024
734349,-1.2561183
527475,-0.30208686
430872,-0.6675142
121953,1.7011707
186004,1.7047873
893919,1.5079774
802810,1.2694551
814698,-1.1978695
528333,1.4535699
983278,0.41688055
771998,-0.82354796
164304,0.16483481
777699,-1.3836112
906331,1.3419011
208711,0.8970644
8868,2.0903234
904899,2.1712842
459559,0.61973333
442287,-0.800951
853597,1.4128195
68657,-0.10441452
892803,1.7947762
84123,1.4250746
626320,1.1601413
500168,2.2829814
731458,-1.4277929
85063,0.027013743
955167,0.5988902
499732,-0.928193
364597,2.4646847
935372,0.5865499
797189,0.36106563
636381,-0.14175873
225560,-0.6907304
222876,2.3167212
618051,3.2832615
766,0.8253662
105357,0.54890865
851987,-0.4052638
660488,-1.2698424
871990,1.7866013
434183,1.8331366
334679,0.44719467
651921,-0.17322193
399823,1.513242
611115,1.6811014
617474,0.5389264
249316,2.5504403
892071,-1.2322636
91043,0.40473968
579355,-1.7092521
159248,-1.0389402
941900,1.638525
128599,-0.112677075
43420,-1.3623314
251188,-1.4655205
250693,0.48906937
12387,-0.27195907
647375,1.3826725
989999,0.6262183
129801,1.9241774
906554,1.7610855
971264,-2.3830378
595242,-2.887137
971691,-0.05218806
755860,1.0901207
681363,1.3866724
705718,1.9092662
581479,-1.7284628
900843,0.41519427
674245,3.6140075
765278,1.8220026
162950,-0.7490982
609519,1.644339
418640,2.3987286
977023,-0.41050228
304462,-0.053533882
286651,0.40141416
43076,-1.105594
676275,-2.7086053
277636,0.6432157
363818,2.47374
606593,-2.110811
310888,0.9596448
481511,-0.63107544
764053,0.74766517
231894,0.9186206
756691,0.1891068
503430,-1.3661996
191113,0.045411777
566111,-1.2465296
773398,1.2302601
801550,0.87248623
546318,2.2071939
974285,0.48929065
903609,0.24222727
577321,0.8947142
94686,0.73529804
639196,-1.8083245
281700,0.56865
986267,0.080046
662017,-2.4013906
409592,-0.37813535
800639,-1.8410003
460189,2.7788863
327044,1.4261358
338838,0.19199997
454071,-0.21264477
406407,-1.1432041
101542,0.7209259
106068,2.8723
340268,-0.99782455
83293,0.18165265
552224,0.8869915
720580,0.43665498
854732,3.2967324
895353,0.38839138
778673,-0.45152512
948404,2.7266681
909319,0.1370875
275884,1.7995951
729935,1.8775743
803774,1.799526
871796,-1.3208382
204056,-0.71339333
187069,-0.42762923
260708,-2.3570817
610987,0.2948026
317777,-0.801431
529345,2.0560064
883074,-0.3920165
36891,0.33175713
921814,-0.18839352
465031,2.2776809
838369,1.568141
336635,3.810379
184570,0.29572353
666931,1.6057365
441811,-0.01711679
351390,-1.1609857
309342,-1.392496
151092,0.13057965
5208,1.2608733
281886,-0.500856
760630,2.8727956
976595,1.3275473
120867,-0.50917804
370946,1.0639141
16479,-0.7763027
150117,-1.3231469
900074,-1.5287094
562355,1.5875359
275133,0.04285738
631965,1.7126884
690325,1.9210017
650125,1.4696201
83709,1.0342509
11681,1.1637897
801613,-0.6557423
697652,1.9321983
543446,-0.24194086
930400,1.8049139
817361,3.4955177
449839,1.7624909
455564,2.5096087
942343,0.030107241
506469,2.8068795
229952,1.1158621
67984,1.1142825
103308,2.0036032
290348,-0.9182228
990563,1.5991802
166992,2.3269405
569759,-1.404164
906688,-0.15927711
849677,2.9241192
473715,1.6825943
956675,0.6202582
340245,1.1196449
589970,1.5676136
135555,-1.8869877
573878,-0.16072729
256072,-0.27500868
277561,-0.45969525
827361,1.6125104
872828,1.0331903
235038,1.8367361
966386,0.19927642
63360,3.7518864
319039,-0.84158623
794985,2.2375112
807296,2.0361044
423503,2.8836281
689309,-0.6820832
537956,1.3651636
200433,2.406435
129319,-2.0839543
55860,0.5993505
657872,2.947782
633764,-0.9638504
46523,-0.49266362
928177,1.3497455
880963,0.49354476
545326,0.556858
166661,-1.657266
999318,-1.0558512
793209,0.20813861
950574,-0.047814418
693363,1.2823427
641351,3.2447581
800551,1.1103785
657939,3.9752567
342282,-0.16301444
121143,2.026258
51686,2.4134555
556105,-0.6061333
744829,2.603688
169571,1.7629687
742,2.3246
549518,-1.2545255
366691,1.3337333
136817,0.66928047
302922,1.8537252
643780,0.9796093
438872,1.1160724
263002,1.6190903
293196,1.3283442
706122,-1.1540781
175350,2.3119347
20274,2.9962783
708367,2.2157626
317876,-0.6857624
406944,-2.0735302
114676,0.8642623
176400,0.70215786
823737,1.1006187
999961,-1.9394162
432610,1.7766905
196124,-1.0767149
503317,1.1275351
802540,1.9028906
121234,2.5199986
46124,-0.6272563
553207,0.059713267
956591,2.1583464
9984,1.8670273
470054,0.86828077
65518,-0.8475317
166506,0.6655022
176632,1.2122816
94112,1.1481746
142185,1.400792
595600,1.545187
674923,-0.17802843
87465,-0.5052577
237090,-0.82219684
908480,0.6163408
158565,-1.3476747
653513,2.550534
289030,-0.8816252
542530,-0.04975732
347976,1.511224
362095,1.6581504
5488,2.1139946
395207,1.653154
913227,2.4337149
905149,0.46741992
626294,1.3188007
726645,1.7237508
66586,-0.052660078
610956,2.2652047
190701,0.5187491
727023,0.6984534
777624,1.0290712
925877,-0.15500008
127724,1.9835494
771852,2.8703246
387427,-1.4631112
178971,0.856294
817791,0.23496768
449936,2.3088722
685584,-0.55647576
310987,-0.07187863
883753,1.5638388
351645,0.758422
82975,1.3427922
368696,2.4105027
837938,1.063679
952412,0.9626824
516507,1.5108337
72690,-1.9979016
433152,0.30756068
607132,1.7079731
346202,-0.78294927
658062,-1.5838943
813960,-0.1501758
351130,2.0489547
310099,2.308666
707203,1.924666
850172,2.7271407
629964,-0.171364
301002,1.7998174
648652,-0.40004444
417280,-1.1447608
473198,3.0353336
909748,0.23905349
564702,-0.57610226
724292,-0.009289148
638269,-1.012793
954617,1.6030029
141286,0.88454133
697953,0.95755255
794600,1.489332
133509,-0.28092796
987619,0.34835154
64472,1.948254
44526,-1.0961359
926491,1.3265686
795155,-0.652127
195586,2.804931
444686,2.7877998
111250,0.42999563
811317,3.4822953
341164,2.2034848
882796,1.9549444
585485,2.104021
237994,0.5630434
724342,-0.11675932
18280,1.633014
690766,0.007874353
213097,2.564572
397376,1.4699655
904628,0.7622406
761549,-2.3818753
411527,1.2449659
193341,-0.8127881
483503,0.23515706
214473,-0.12357934
1222,0.672317
353329,1.511873
229130,1.4136175
70123,0.72113
676876,0.93085
453938,0.05786535
951823,1.7301788
588145,-0.8132168
163298,-1.0058132
905899,1.3786105
650476,2.4350471
330205,0.663139
268063,-0.5392612
744110,-0.4122221
277576,-2.9158576
44594,0.6259102
643306,-0.6020733
527907,2.4088173
455333,0.9978134
587020,-0.56211126
115602,2.185457
449120,-0.110489406
844751,0.82656515
898078,-2.0214422
604878,0.35767388
675315,2.4103703
364821,-0.2841428
483846,1.985894
748103,0.3029362
855893,0.05577848
941147,0.599082
765684,1.363034
199592,0.07268145
407115,0.06425718
541082,-0.30710778
22815,-0.8471441
509947,-0.9801334
647809,1.0415534
920584,1.8133242
161517,1.5252874
865915,1.25768
193090,2.1195843
380630,3.3242085
854840,0.6043086
453359,0.22863951
899613,-0.728472
200694,1.3760756
648066,-0.4564814
47446,0.15481372
516136,-1.1759394
401850,-3.0297103
364885,2.9388695
759722,1.1793464
120753,3.521748
185041,1.0889432
173102,-0.3651747
893936,-0.25404415
549020,-0.008818591
124520,1.2153692
373457,-0.9580473
65306,-0.5797955
43252,1.697203
685740,1.0891703
567885,0.60103464
330333,0.48842865
511356,1.1890023
167698,1.9314449
656442,-0.83373606
350568,-1.1643298
238900,0.22057767
705618,1.5449532
51457,2.0165818
266929,-1.4311663
811629,0.49651986
843861,0.6365685
599914,-1.1415209
284068,-0.7567835
351837,3.0394835
835131,-1.6905143
345226,2.5876555
372859,0.36245412
321168,-0.32211408
993481,-1.8039074
382849,1.5474137
172882,0.7369417
462304,0.4183325
409797,1.1838799
899436,0.5268428
945641,0.51302606
103933,0.29184544
485696,0.46020323
663115,-0.6711943
975348,0.19549906
699754,0.37967184
731800,0.09235112
429044,0.8879697
265287,0.4895298
233809,1.880182
899421,0.8881444
373214,-0.35403866
476584,-0.41903076
201128,1.9751908
849474,1.4724486
479416,-0.14067185
583800,-0.7009511
439552,0.881708
190253,0.2843493
253237,3.0249279
800530,0.6843926
746916,0.8014577
207444,1.2722714
937638,-0.2663446
11670,1.0763277
251110,2.5818205
963398,-0.8301109
643192,-0.1561598
640738,2.6385455
232274,-0.01595622
871022,-0.54628587
858649,-0.5785464
345369,2.5277653
760713,0.9095351
145743,-2.137439
539948,-0.5857068
210187,1.7884163
872853,1.4911697
379090,1.6369464
929958,0.9344532
339254,-0.834915
905816,2.957995
740800,0.25644714
571932,-0.5528554
191963,-0.67377985
300259,-0.62106645
45090,2.284116
880549,1.7165537
673802,-0.20996618
470161,2.4148088
842420,-0.24330442
838845,-3.011481
518095,2.193748
246963,0.22210558
714112,-1.4735271
473759,2.1625412
583901,2.9309826
879259,-1.6357714
421812,1.2383806
370548,1.0018486
137224,0.8222326
867053,2.5746827
184952,2.442678
460658,2.388246
873702,-2.0700498
569134,0.31566408
728206,1.1672903
219942,0.46957365
452500,-0.6240006
133137,3.7543588
483777,1.8508337
891178,3.4328225
839618,-2.5406365
509678,-0.38615006
494831,1.7921757
681880,0.33057585
908094,0.16300198
355908,-0.5080263
715643,0.15809143
915624,1.5986677
479619,-2.7040021
348846,1.2611883
491430,-0.084176645
786713,0.9259001
428722,1.6083237
474201,0.33642724
750326,1.4198372
375394,1.4026965
441142,0.12903829
803606,1.4257735
581757,2.113292
317267,0.66851616
838082,-0.48026055
849895,2.0422282
505484,0.7130458
441942,-1.0694546
89815,-1.9064586
570342,0.24369225
32010,-1.1843611
438236,0.19784711
875443,-0.23833486
674436,-1.4397184
999464,-1.8367172
270793,0.8858795
542536,-1.2394367
664897,1.1235042
12235,-0.9919262
800800,-0.2775913
811869,1.0892953
13922,0.5757954
223944,3.080451
773577,-1.3729032
424529,1.3307819
721618,1.5241306
273341,0.20999467
600752,3.2161813
984271,1.2748306
442570,0.25201696
571116,2.128249
262091,2.0433147
659296,1.4039773
979290,1.3710892
120567,2.0611567
111388,2.7580237
339999,-0.5880045
411700,3.9785511
152344,-0.07209717
132688,-0.14725
114234,0.5409123
469595,-1.9087292
714034,2.401879
860716,-1.075422
190399,0.61352384
993090,0.6860339
387803,1.0107205
706716,3.4229655
356377,0.6351396
640865,0.042080145
114610,1.7123973
861289,1.4940743
933353,-0.5890122
562112,-1.1628673
154676,2.1055288
437739,-2.8084438
356663,0.6035759
666368,-0.17843951
258440,-1.1493245
781204,0.5767396
406662,-1.8604952
173742,-0.30302563
813703,-0.707331
652,-2.3432477
601968,0.938498
421056,-1.7213796
278579,0.575939
399803,-0.26554713
459986,-0.055131145
96394,0.9397167
838300,1.127083
659281,2.7135735
50784,0.2042521
501935,3.004425
724543,-0.11440178
264681,-0.625476
859776,2.1750088
895220,-2.0641723
996879,1.8868763
163077,-1.7570345
963435,-1.1689417
661316,0.627213
379473,1.1823483
486781,-0.40889508
395621,3.1746223
53572,-0.21931529
830434,1.8797346
959332,0.484804
929836,-1.5686066
135767,1.6714398
367840,2.4305096
61808,-0.79914165
214098,1.3179228
722155,0.82574785
770606,1.492949
127864,0.4864761
807693,-0.9824406
32346,-0.30656466
313287,2.7846475
258220,-0.017629066
244204,2.3367424
629151,2.228482
786172,-0.79018676
319652,0.40868196
609554,-1.3791355
501931,1.2419832
566164,-0.6513995
836716,0.9543047
432943,1.5347006
268793,-0.6797516
922168,-1.8413305
665402,1.1789752
387578,-1.090907
419224,0.7814544
508707,3.096307
427077,0.67508966
691701,0.06659706
919278,2.3906364
116889,1.6210878
306286,2.2492604
18466,2.3462517
853573,1.1506398
445785,-1.981714
721301,2.4167533
797755,0.4407838
112619,-0.39082792
77328,-1.8368914
731166,0.7951809
613533,1.6360579
308106,-1.817857
773925,2.2688153
384751,0.1660175
41137,-0.08709638
243719,1.4168441
129042,2.6115525
642641,-1.919008
557652,1.6236855
449987,2.232536
652184,-1.5608723
617616,-1.5309672
19498,-0.3929457
106814,-1.3173941
704538,1.252809
518825,1.4702673
67233,-2.3140063
836151,2.1154199
632148,0.7606354
520918,0.9210725
644261,-1.3921402
634843,-1.8412504
198373,2.35275
765618,1.3526851
994063,-0.068510845
816714,0.70109904
350865,1.7224596
891625,-0.78006613
218967,-0.23470458
659187,-2.2133756
937674,1.6578926
717578,-1.9155664
942452,0.6876602
250127,0.2455446
316059,0.4589947
944421,1.3295763
146542,-0.43319005
223571,-0.40704137
24773,0.10799173
133035,1.6533533
340967,2.8849227
664757,-0.61951506
86876,-0.18726894
772903,2.26796
809700,2.450274
291692,-0.6738572
699582,0.67339385
904222,-0.40202355
997957,-1.4599327
382973,1.3529394
796788,-1.3187217
671674,1.6446129
58561,-0.096086755
558833,1.0085857
750190,0.64266026
646331,-0.38743454
455953,1.0880038
997253,-1.2662841
174167,0.035793882
644106,1.7549309
991381,3.7647045
321907,-0.67819077
51888,-0.8000704
231506,1.3339503
532764,0.9608654
609956,-0.07667701
720625,1.1104624
309596,-0.23847148
676568,-2.1698756
698030,2.5253549
477538,3.033292
58166,0.4606864
432261,0.75355166
74831,-0.3136622
936151,-1.1914035
761740,0.28389642
822803,0.6350917
685027,-2.2907853
883086,-0.46565333
398668,-0.8851119
945900,-0.89397967
736265,3.5250695
154594,0.7671745
377598,-0.3359577
384398,0.9814509
458501,-0.6082861
17175,0.63160217
768798,2.2900639
356767,1.0762472
622527,2.5626793
218656,1.9454777
145927,-1.098819
889817,0.24024622
996850,2.543673
690162,0.38144937
60952,3.0318403
849759,-1.679723
589511,-0.12692578
638746,-0.18102655
769427,-2.9068685
233875,0.26089293
296832,1.9731169
239670,0.0436591
154779,2.4096148
410802,-1.7144268
269881,0.5650082
813310,0.1644831
630784,2.0669365
999959,1.6102422
400643,0.4774111
137309,-1.6311197
742123,-0.019499991
880765,2.21411
846123,0.9263129
842461,2.243072
445120,3.7011883
260450,0.77983344
521773,0.628924
745921,0.81030196
9483,1.4986442
72156,0.61721087
824208,2.069477
908466,2.430952
88383,2.120175
188643,0.37390465
907352,-0.62355125
364773,0.93248737
789189,1.6927722
109691,0.7565601
581301,-1.6836233
659608,2.7315817
179990,1.0611435
521303,-0.9590634
827224,1.16853
514503,3.0753663
614575,1.6426852
774622,2.2762752
348505,0.76262075
598355,-2.7983613
513154,2.4694057
60535,-0.4342277
248560,-0.73726285
497039,3.0648227
760922,-1.5470748
22915,-0.8780195
183756,-1.410877
667782,-1.7083321
604556,1.9502928
592930,2.345886
315520,3.5891418
311009,1.478553
643520,-0.03622542
488550,1.9981279
382914,0.26020455
644993,0.82380944
108162,-0.8697855
530201,1.3969042
388834,2.7547834
662430,2.4276252
312860,2.6696784
647564,1.2743309
200310,1.7707555
507334,-0.8248091
241830,-2.0204117
365723,2.2203898
376855,3.5822957
373684,2.765497
743603,-1.591841
678377,-1.0156095
494469,1.3537714
686130,2.6583304
305693,-1.3610071
275917,1.061086
512680,-0.31210676
837054,-0.6579871
191516,0.9468139
446565,2.6983852
65372,2.2325451
871568,-0.7759329
994791,3.3141952
439615,0.3141708
890813,1.9080006
415772,-1.0157192
954201,-0.06274208
459639,2.0417712
652795,0.23239633
311659,-1.4137328
372130,0.40768868
215362,-0.6775538
623099,1.6862001
525202,-3.1441622
44420,0.4770524
15940,0.19811282
478331,1.9530745
217543,-0.47746342
717925,0.7359586
773763,-2.3860176
894680,1.3978041
402191,-0.15987594
700112,2.5229225
68002,-0.2786342
187386,3.2360902
158647,0.97648066
455020,1.7740686
926335,-1.9048382
568472,3.2911735
981433,0.53095055
308953,1.6104912
172382,-0.89356995
953156,0.47536293
103321,-2.0565388
988799,-0.32179648
393815,-0.29301548
789405,-1.7172722
947013,0.5166359
489299,1.3212965
203444,1.9338233
422088,-0.5170777
673470,2.0224767
198265,0.8857849
351160,1.6159725
541791,-1.1661816
315336,1.4396595
351946,0.5989071
565997,3.602853
122370,0.49964514
169049,0.17065275
774919,1.8494818
338683,1.7075412
594575,0.4320864
811107,-0.1570935
449610,2.0134242
696680,-0.7996296
340240,0.80028665
992858,0.6623877
383483,0.8249361
262174,2.024998
441337,-1.6794004
677857,0.034556445
7100,-0.60971516
837841,1.8411534
44717,0.72477835
875699,-0.42385116
950737,1.2116504
811249,2.9387054
720859,0.50573456
767019,-0.80579835
122633,0.8057435
410011,1.517999
292807,1.1963135
226500,0.7370597
571390,-0.5197835
27949,-0.14387727
962287,-2.0907645
345918,0.89873755
685115,3.1318715
595104,0.30104393
898094,1.6240046
1260,-3.022445
194559,2.0823283
914789,-0.7464937
467791,-0.14008144
503162,2.0417862
492459,1.2185018
588548,0.22194365
125683,-1.0924513
57678,1.3834124
423901,-0.18814431
704229,0.97164595
310970,-0.63957274
884056,1.521395
803267,0.5779684
558585,1.6138159
610310,1.5081618
960530,0.24677591
429879,0.4435342
351956,1.5278194
709381,0.7748475
326728,1.9647325
189649,2.4897945
217150,1.6617861
489404,0.0717083
223244,0.7717114
674252,0.6802709
840272,-1.1747617
354645,0.87514293
115916,0.0736799
983057,-0.5563796
171045,3.901271
839567,-0.23961978
81609,1.1163205
531052,0.97303647
186971,-0.15686348
69813,1.4388971
999140,2.0227933
733832,0.42170876
269403,1.7720768
365824,1.5655588
839762,0.9501494
843777,1.1548804
326932,-0.29526144
73496,2.2987733
913763,3.4989944
424077,1.9974642
454512,-0.11602549
787130,0.021454092
928859,0.30042583
191592,2.8050432
687882,0.05730448
642297,2.266218
407611,-1.9342235
799743,-0.32450294
355771,2.3328793
743698,2.1409059
896149,0.73355734
35133,-1.6429688
242239,0.09616996
277002,-2.0975084
722069,-0.68062687
418855,0.13600853
699882,-0.1544415
694475,0.6839541
604647,0.898578
147864,0.14605087
498249,-0.9473108
407554,1.3024
870987,-2.0235326
97064,1.6345513
583824,3.1543431
991277,-0.027930122
686055,0.99777013
481804,1.572852
780025,-0.8770477
280726,-1.7008502
338385,-0.57942826
598925,-0.95167446
639565,-0.5692454
71739,1.7758659
664543,1.3447424
193306,1.1502502
709563,0.90521353
913816,0.6216673
19809,0.55945385
423721,-1.0151911
746547,4.051442
507874,2.8626022
776076,0.34017897
989737,-1.32795
763374,2.469067
610430,0.93805915
801033,-0.8320303
753643,1.7716507
653423,-0.0531031
569590,1.5548872
994897,2.5100513
534194,1.0385087
70344,-0.034142617
119040,-1.174283
478393,3.4110794
802440,-1.5102546
253430,2.423225
204078,1.7486551
826197,1.5848453
820295,0.10125315
388582,2.0451837
210021,-1.14493
730249,-0.055746388
376110,0.60146415
715186,1.2732722
376758,-1.2346402
990480,1.7654098
936402,-2.3704324
849031,0.046087634
903259,1.5992893
492588,2.5898507
155588,0.46472913
951553,-3.07305
527393,0.3018973
378037,1.0690758
914590,-0.34765252
925757,-1.7521865
764431,-0.806466
638072,3.230833
599325,0.8962752
62727,2.4461439
888594,0.45803326
828677,1.6341108
264028,-0.46249223
311829,1.2477565
452852,3.6966958
829070,-0.32889533
727044,1.7734579
874926,3.1735976
533869,-0.20564136
405218,0.63439715
193023,0.25031528
828011,0.38778844
661236,-0.731221
89677,1.4114479
29460,1.7162969
7574,-2.1995385
179457,3.3572624
141313,1.4819248
425966,0.54073393
470447,0.87569636
647686,0.33443493
879295,2.4165726
535810,3.3335063
947558,-2.0395162
579042,2.317706
370746,2.912048
289373,0.037198074
875200,-1.0221236
754709,0.5152671
708298,1.0947624
683652,1.4359248
137360,-1.010697
844366,1.5249941
638284,-0.58680284
700351,0.12886855
270227,2.3463626
189404,-0.6577362
350783,1.5148497
734016,-1.0172292
125983,3.9082131
685805,-1.3390214
960445,-0.7756812
315931,2.6285033
959267,1.4105667
1820,0.7738761
963955,-0.96175575
739218,-0.78464746
137413,-0.20311265
865430,1.0450425
610506,0.78057164
146105,0.7698969
289985,1.772213
257486,1.6198232
260032,1.2378109
855980,-0.628152
546911,1.8310101
482816,-0.5036801
550254,1.8175987
893998,1.903743
441332,1.2431799
806546,2.818906
986433,0.3045693
38108,3.4643326
929276,-0.9625468
443844,-1.7850609
412164,-0.71673506
11076,2.7691472
909701,0.34284887
704429,-2.2672944
362806,1.5571125
12027,1.47373
258385,1.3640051
657520,-0.05189904
8492,0.0895799
630086,-1.4110739
856931,-0.9897057
89190,0.2125762
641999,-2.0046413
993235,0.40106374
347438,0.34425932
195762,1.3087722
842397,2.1112945
663598,-0.7539315
728645,0.9696935
584323,-0.46770066
421389,-1.805452
512977,-1.5271074
969410,-2.2621598
387982,0.3194228
688629,1.1112369
224972,2.158751
294964,-0.8337511
705997,1.5368216
449343,0.98725474
94567,2.010326
890391,1.6731713
180425,3.9022422
789659,1.8500456
896719,-0.33385077
430339,1.128069
268812,-0.98555505
56924,0.43226162
390056,-0.17895904
935080,0.6048681
544754,1.6840045
895545,-0.7335157
477804,0.8252713
807403,-0.5925401
621070,-1.0333321
507333,0.035964355
213211,0.76599956
472187,0.5742157
230301,0.7713784
754405,0.07356049
287048,1.250606
586946,2.1801543
377138,-1.1881676
10600,-1.1479472
476536,0.5689637
553673,1.2145996
745541,2.158975
578815,2.5926695
71954,-0.7300652
596481,0.48928887
257699,1.7938764
174002,2.5865211
412563,-1.4728113
734255,0.097091526
44247,-0.9540049
323361,1.0784094
760304,2.6980681
688184,-1.9605814
1949,0.029658169
867508,-1.3735901
926632,3.0164266
451021,2.4427857
220857,-1.884773
624270,2.16128
512608,0.1520698
916862,1.7504928
212348,-0.9619252
992408,-0.012020747
680776,2.020118
91702,-1.0066432
285314,4.0441437
972121,-2.038785
61282,-1.6916195
682064,0.51706094
173876,-0.004949224
920392,0.92036456
554913,-0.2542432
697887,2.1865814
822712,2.2786465
29677,0.19057664
127635,-1.2944944
191728,2.1864767
985136,1.3841461
751216,0.4764684
305075,-0.43146792
404470,1.9573133
394361,2.5606112
654996,2.3538013
147240,1.1666242
273405,3.2867897
591549,0.960676
308795,-0.76064956
198518,1.6107998
235144,1.7605305
910369,1.1121237
779867,1.2896391
667877,1.0679712
710695,1.6997194
733782,1.9204105
812548,0.19653542
727196,0.4321545
525229,0.76514393
508969,-0.6150075
712831,0.61707485
43066,-1.8871723
284694,0.93031293
515564,-0.30517393
194573,-0.26261234
61506,0.64018345
299994,-0.57071054
313022,1.1034161
366314,-0.91753626
783548,1.3431301
705522,2.3115454
889385,-0.8782066
281016,1.7631563
205334,-0.25387892
17575,-0.41894335
45790,-0.04998529
331264,0.14749643
548383,1.6371933
670354,-0.7201328
394055,-2.395095
806386,0.2761384
293512,2.0587888
858180,-0.999047
442426,1.4881508
211063,0.3635355
279952,1.9373147
584255,2.6403909
989633,1.9316952
684981,1.1364341
742925,-1.7448565
288839,1.6392899
232609,-0.33299708
805696,1.1175783
231161,1.3071263
292455,2.3092284
551005,2.7305875
587762,-0.7502428
716633,0.9590004
423185,0.81361866
42350,1.1867707
803848,-0.0854459
838188,2.339429
355946,0.30663866
257936,0.59958124
415779,-0.35141715
337657,-1.2953646
424238,-0.9350398
617708,0.054807354
430433,-0.0648893
863777,0.9655148
949537,-1.7218978
504259,0.6357595
886372,1.5783446
77739,2.0250387
701238,-0.48684606
544535,-0.8642557
614327,2.4619908
396740,-2.058878
718527,1.6473272
155310,0.48422804
519599,-0.47129002
545960,0.87654907
856269,-0.10525185
285626,0.5248825
194828,-0.9601552
11253,-0.5070032
226982,0.7849032
625552,1.513512
755604,-0.635702
874446,-1.1463013
586368,-0.84285116
57474,3.429604
57405,0.364366
83743,3.9410057
772202,0.92091143
891486,1.1365373
196604,-0.21476415
954177,-0.90641916
490252,2.3644733
822624,0.2400734
206644,-1.377378
841098,-0.27361426
114179,-0.11879537
498393,-1.1782675
464631,2.1838846
112817,-1.3498113
243780,1.6186113
578429,1.7118841
367333,-0.31627545
531546,-0.64390427
769395,2.4837582
759257,1.0610787
676834,1.5564725
748386,1.3619151
274426,0.23340288
430462,1.427807
249000,1.0436761
147593,0.21937886
624711,-1.09243
672048,1.1804461
707839,-1.3912926
723975,0.73518723
795998,0.83877647
160883,1.420732
303243,1.0977236
416802,0.11988322
849825,0.9131492
292175,-0.7008694
677827,-2.2085211
780300,1.6931709
632374,0.262304
206617,3.2576458
789913,2.7026901
526577,-3.4125857
114699,2.1767917
466136,-0.930778
90382,-1.495009
740110,2.155175
781101,0.056337953
948915,1.2623136
983221,1.6538051
433319,-0.16811007
423172,-0.28925958
117045,0.1631268
504781,-1.0540462
812550,1.8665994
362124,-0.7831122
553877,1.7465298
439430,2.9687195
31653,2.3642788
970641,3.0340161
191248,0.8368004
174303,0.061798103
216976,1.3298756
951459,-2.2678487
500284,-2.219211
885925,1.6087233
755776,0.9146681
735246,2.1992018
707280,-0.27831525
768095,-0.9565159
506500,2.6767802
657109,-0.1023982
106193,1.5902979
931235,0.21845512
10496,-1.1194013
906388,-1.5780077
684085,1.6227655
373609,1.940265
239799,-0.9741499
337009,0.13567874
313867,-0.7475899
583065,-1.5903988
766393,-0.2663681
5011,1.1518295
360407,0.14779438
197752,-1.5859292
225474,-0.37540144
612792,-0.0057369308
647400,-0.39415374
63677,0.28862634
479136,-0.2738555
677842,1.9343055
680680,2.471924
764408,1.7608573
787583,0.08235891
339716,0.98250467
366982,0.674067
663846,0.43431464
644097,-0.08856621
318503,-0.37126184
990643,0.9937047
556381,2.318219
747548,0.9876369
593817,0.33229113
583408,-0.5109579
282283,-0.53745276
85393,-0.024998868
653926,-0.8250438
61818,-0.21271777
811993,-0.2804391
59673,1.8349903
928359,0.9321644
335962,-0.3351786
644296,1.168392
699813,0.6195728
984161,-0.08311547
605842,0.23191242
937975,-1.4550713
680984,0.8280862
901746,0.78465176
228083,1.1093385
246642,-1.5044273
803611,-1.2260005
181070,-0.95465505
216624,-0.5060377
515210,-0.44712716
790659,-0.8707236
346519,-0.6024293
687043,-0.7506817
525475,2.5263417
707681,2.0426636
806466,-1.9983908
943418,-1.7520998
748444,0.76514024
211864,-1.2403638
400688,1.300491
789707,3.0180285
360116,1.0500543
905730,2.0458617
882158,-0.14744
374348,-1.2642481
228972,1.7516483
763431,-1.3392197
305563,-2.760396
40427,-0.21732548
353554,0.5497292
391596,0.6427344
51765,2.6163697
759189,1.2033336
715686,0.04223109
116583,-0.34589744
14203,-0.3620036
136714,3.7504914
567683,2.6291733
767623,0.39760128
163154,-2.1071448
576346,-0.018414255
324170,0.35259432
395093,1.4441383
670315,1.478068
844839,0.25178438
425697,1.2150725
519164,-1.488975
942030,-2.28869
700055,1.6356436
270303,-1.769674
174172,0.12644276
700740,1.5009111
101967,-1.0659342
232537,-0.15648292
774789,-0.41520023
54541,-0.019237567
463451,1.5867084
530825,0.6215056
718520,1.8123372
416714,0.70259845
815237,1.8458439
790801,-0.26994592
779436,1.1259781
981881,1.1380801
828907,0.25227776
813472,-3.2240252
766129,0.5656765
392003,0.71280396
962341,0.88483924
145174,2.7707772
755038,0.33964437
349415,-1.0658735
835910,2.0085633
154015,-0.08068645
182509,1.9977032
287894,-1.3482773
783655,0.41673595
385061,1.288249
50393,-0.5490451
89743,1.9544008
493433,-1.1215118
533575,0.6801423
875425,-0.8729149
619812,-0.20565312
456740,-1.3954829
926875,1.1049931
940071,-1.0244297
643667,-1.6601152
136034,-1.700352
785248,2.1041586
872916,-0.7903703
231039,-0.60966694
300147,1.7227551
649117,0.55115557
478116,2.985021
391797,5.390213
721952,0.5241969
323060,1.5226791
951439,-0.53944504
315504,0.08237401
494088,3.974289
97905,2.854575
875296,-1.4776084
635380,-0.5954876
975878,1.4992641
627744,-0.56015366
338224,3.1876235
44695,-0.8888405
514164,-0.45633793
977037,-0.85805017
306199,-0.94458544
309393,1.9244597
946019,-0.47222996
201922,1.4602821
985733,1.360541
809601,1.6426846
126682,2.198454
624663,1.0045159
213604,-0.97111595
912014,1.5735075
675718,-0.31869954
621367,0.4999258
543925,2.0967374
555705,1.5363979
144098,2.5071616
831482,-1.9004612
643068,2.333591
638989,1.9062691
516234,0.5915271
354966,1.7210405
599473,-1.1317935
318035,-0.71784395
792971,2.1405826
558017,-1.0562373
872250,1.4486184
555714,-0.9523059
73948,1.8555418
382676,0.81214267
813839,2.9701104
813926,-0.040369418
854700,0.46323538
441909,-0.09288631
407167,1.4303862
223695,0.8725387
258533,1.7631302
596290,-1.162854
990270,2.8795528
539328,-0.36062342
606067,2.4201922
811578,-1.7687505
916103,2.816538
530125,3.4754918
933318,-2.107481
967376,4.027502
759738,-0.2129164
892702,1.942284
10989,-1.3859026
630793,-0.5707213
429017,0.51844937
158853,-0.13333026
461639,-2.3283458
219792,1.3971841
215215,0.42934608
24041,0.4057099
320788,1.7915369
672599,-0.81602705
463455,-0.23345566
992142,-0.69859326
739639,0.6330581
82789,-0.2677201
310192,0.07602365
787224,-1.0818844
314572,1.4046103
855044,0.092843965
459007,1.831207
745314,2.1989207
417069,1.7114403
895472,-0.5103262
156806,2.4707408
639357,1.572678
209487,2.0421796
501510,3.5258331
118154,-0.9515494
138557,0.81012744
691082,2.5178006
423506,1.5275942
22029,2.348502
148196,2.6082597
50546,-0.37019005
499335,0.9040963
964145,3.0069907
53416,-1.6170565
29482,0.7065039
847846,2.535023
290153,2.671281
527502,0.864233
822858,0.36616966
141973,-1.8181111
537370,-2.9538789
118402,-0.5184191
664872,0.098693766
543945,-0.22856033
653548,2.166575
603457,0.52345765
167905,-0.8914994
512993,0.048279785
718247,2.484351
419381,-2.4751763
851321,1.8711221
914254,0.5497891
411089,-1.2725022
28837,2.1103873
987936,-1.2704471
972232,0.25504872
35423,2.5551193
158713,-0.5540458
975402,0.036719542
71325,-1.4062254
781557,-1.6172636
420762,1.7395494
106022,1.0938183
852479,2.050396
4164,0.3700788
737674,-0.032895397
506615,-1.2912979
698232,1.556249
402400,1.3457477
884010,1.4476689
98542,3.771043
158927,2.401586
284183,-0.70574445
595804,0.41599336
217963,0.56739557
593591,2.069958
583167,1.7938163
863612,1.1924125
804249,-0.31172925
363675,-1.4183872
135347,1.8927004
319086,-0.86560977
382403,2.8586845
793011,1.3647988
269882,0.30347615
962578,-0.84177893
520512,0.92266226
175132,1.9397339
54100,-1.015915
389031,-1.2451015
462390,2.4475818
764101,1.5900097
907494,0.5526477
984289,4.0380983
768183,-1.7764127
426891,0.15725286
430723,-0.8186471
235739,-0.9203671
654844,-0.6251174
942805,0.83521825
786876,0.48532444
723200,0.7939908
464793,0.10958632
570173,1.6526077
204033,3.4103668
311000,1.08717
502418,1.4072827
510671,1.6384838
448793,1.4815919
362087,-0.094966814
150695,-1.78106
667935,0.6674429
79523,0.22040907
611530,-0.15363947
470814,0.3926819
824392,1.1592028
161500,0.67422694
346276,-1.2025785
457504,-0.66221774
444887,-2.2011006
372619,0.5883969
663259,0.17953454
867479,-1.0569868
141163,0.4223938
193773,-0.6972814
739071,1.5651104
958565,1.1017101
189712,0.24166842
453859,-0.5202056
530691,-0.9796778
48708,-2.0789018
309009,-0.8850428
513205,2.2907891
589987,-1.0429621
18696,3.7527566
654208,0.20228145
746182,-0.6508883
575476,1.608153
206945,-0.9582593
533272,1.5927837
315366,2.302528
701410,0.30000114
470365,1.3390943
177826,1.1275957
940463,0.8530942
649370,1.1571882
662593,2.130921
892512,3.2777576
210308,1.3446666
997618,2.9031513
449796,1.2893574
756927,1.0486519
75437,3.7095494
526711,-1.1267339
696527,-0.72626865
900460,3.0214105
831399,2.0768
359166,1.0766145
559654,1.239018
987815,-1.1148945
382220,-1.6335907
683830,1.5442755
848411,0.093701914
869053,-0.5473366
285501,1.7233932
46205,0.1055481
783300,-1.1439644
779752,3.0625224
545042,1.6469939
214059,1.0520213
821430,1.3542179
280247,0.63366586
282613,-0.58298
388385,0.75749725
975931,0.98517054
696155,-1.4192587
63049,-0.35579434
27492,0.7591319
411856,0.39734846
971113,-2.2023563
730297,0.41262037
642847,0.07363008
23332,0.07346743
730981,0.6361516
662213,2.7078478
557546,1.4432396
696737,0.5891221
486330,0.75218743
941922,1.9497497
157461,-0.83520377
56054,1.3105421
459164,2.0955343
560313,1.9557059
801971,-1.4838852
690964,-0.9302777
426175,-0.25400496
732960,3.933358
573226,1.3575629
773365,-0.88500357
232693,3.230138
943405,1.4782251
637767,-0.27452603
506930,-0.7582302
317442,1.1265194
619543,-0.3187647
638848,3.8448727
994282,1.6255935
48635,2.0323007
669642,-0.10114048
153785,-1.7207102
21924,-0.713133
397393,2.0075133
925397,2.7160819
460832,-0.2705412
151235,3.1135669
508200,-0.079568945
830198,-1.4048765
671013,-0.04146483
110356,-0.0989874
520422,-1.1194714
426688,2.6475194
898301,0.5578042
471824,1.565608
141128,2.411421
319335,-1.4611547
81690,2.2051692
958666,0.90894175
5764,2.2559943
538314,1.5411994
991859,3.534781
814008,2.3224907
125945,-0.3995982
281285,-1.5043331
305259,0.19740847
982862,1.217187
574308,-0.4287652
97144,-0.44510403
711449,0.9963536
998698,0.113437936
568382,-0.15472636
366087,3.5493934
654795,-1.3579129
453408,1.5029247
563794,1.0818347
502492,-0.4165946
195164,-0.5012778
97652,1.0119026
982360,1.8139786
142209,1.5894878
647835,0.6949862
904621,3.0615628
939027,-1.2471843
212946,0.78302985
394873,1.1218684
224407,-1.1503413
323852,0.785601
250122,0.01809926
762234,-1.0665181
733532,0.8105419
460734,-0.07155634
324770,0.037067324
416808,-1.3383836
656468,-1.3164093
158417,3.963702
104160,-1.9248251
801286,-0.5766904
853995,-0.8542385
314774,0.18711522
902040,0.13791755
353186,1.7843872
850121,-2.9106627
77967,0.4832367
97911,-0.31411138
710057,1.1000904
744539,2.275238
693368,1.0681083
650329,0.054432977
425255,1.3651356
282564,1.6873496
83772,2.2602434
812946,0.5808452
873701,-0.64733154
896678,0.28236538
345277,1.5244814
275189,-0.6093885
817559,0.113188885
441512,-0.48602515
755749,-1.5607052
291619,-2.1766548
687279,0.7121153
894722,1.8808199
72541,3.5112786
611735,-2.3383534
364184,-1.4459987
666163,1.1177146
77042,1.7371318
474173,-1.1312773
598181,2.1875927
544028,-1.0508245
384214,1.4237401
728898,1.3528163
52134,0.110435165
773221,2.1536758
247386,1.2257922
427593,0.47462207
793594,-0.4456233
497032,-0.4786335
628414,-1.7920965
954906,0.38685164
718800,1.4924096
611690,-0.30505413
38908,-0.46374345
950812,0.23882166
60334,0.62536603
591566,0.47829622
805387,0.7021369
349671,1.0788037
778709,2.509707
98918,-0.60111916
334030,0.05896587
498084,-0.5326705
696557,0.48224536
161971,-0.21074648
21836,1.2143333
331895,1.1686347
890100,-0.0012714654
858282,1.3493042
181657,1.6238409
178130,1.1772715
809306,1.3890598
848036,2.2693565
712765,-0.7009243
135131,0.45379716
277465,1.7465322
964759,0.46368486
394565,0.029525284
441448,1.2106818
129173,0.99015427
102540,2.227894
710814,-0.936154
191214,2.9612017
275213,1.3328235
309675,2.2006898
204257,2.7038937
727136,-0.37645727
135683,-1.7727253
107841,0.1111212
419407,1.8686941
129093,-0.19757375
618983,1.2744286
233364,0.84511006
664121,-1.5196159
678519,0.29107141
61444,-0.6017244
757404,-0.00615861
463255,0.16428109
418517,0.9589117
200384,2.529131
984348,0.33382565
593009,1.1222445
397904,3.0888946
52909,0.14503475
662218,-0.72900456
819238,1.4594108
124545,2.2517176
91385,-0.5076747
421373,2.4947999
940702,1.0685508
678448,1.4141747
409622,-1.4527131
521315,1.2743949
977595,1.2370918
878567,-0.6099459
270184,1.6433548
649662,1.5180796
443823,2.2632015
419736,0.5840333
719913,1.0193316
466931,1.0807133
971604,2.0481079
2790,2.1688852
159210,-0.03462974
366040,-1.0090425
901742,-0.25630784
